"STRUCTURE_SMILES","LC50_mmol"
"C1=CC(C=O)=CC(OC)=C1OCCCCCC",1.13E-02
"C1(OC)=C([N+]([O-])=O)C(C=O)=CC(Br)=C1O",2.66E-01
"CCCCCCCCOC(=O)C1=CC=CC(C(=O)OCCCCCCCC)=C1",
"C1=CC(Cl)=CC=C1OC2=C([N+](=O)[O-])C=CC=C2",7.69E-03
"CC1=C(NC=O)C=CC=C1Cl",2.75E-01
"CCCCOC(=O)C1=CC=CC(C(=O)OCCCC)=C1",3.23E-03
"C(C1=CC=CC=C1)(C2=CC=CC=C2)(O)C#C",5.33E-02
"CCCSCCSCCC",4.22E-02
"CCCCCCCCOC(=O)C1=CC=C(C(=O)OCCCCCCCC)C=C1",
"OCCCCOC(=O)C1=CC=CC=C1C(=O)OCCCCOC(=O)C2=CC=CC=C2C(=O)OCCCCO",
"CCCSCCCCSCCC",1.45E-02
"C1([N+](=O)[O-])=CC=C(C)C=C1OP(=O)(OC2=C([N+](=O)[O-])C=CC(C)=C2)OC3=C([N+]([O-])=O)C=CC(C)=C3",
"C1=C([N+]([O-])=O)C=CC=C1P(=O)(C2=CC([N+](=O)[O-])=CC=C2)C3=CC([N+](=O)[O-])=CC=C3",
"ClCCOC(=O)NC1CCCCC1",1.70E-01
"O=C1C(C2=CC=CC=C2)(C(=O)NC(=O)N1)CC",2.08E+00
"OC1=C(C=C(C=C1)[N+](=O)[O-])[N+](=O)[O-]",5.92E-02
"NC(=O)OCC",5.88E+01
"[O-]C(C1=CC=CC=C1O)=O.[Na+]",1.25E+01
"C1=CC=CC=C1C(=O)N",5.46E+00
"CC[N+](CC)(CC)CC1(=CC=CC=C1).[Cl-]",7.07E-01
"CN(C)N",1.31E-01
"CC(C(C(NC([O-])=N1)=O)(C1=O)CC)CCC.[Na+]",1.99E-01
"N1C(=O)C(CC)(CCC(C)C)C(=O)NC1=O",3.77E-01
"O=C1C2=C(N=CN2C)N(C(=O)N1C)C",7.78E-01
"C1=CC=C2C(=C1)C(=O)C(C)=CC2=O",6.39E-04
"OC1=C(Cl)C(Cl)=C(Cl)C=C1Cl",4.44E-03
"OC1=CC(C)=C(Cl)C=C1",3.84E-02
"[H]Cl.C1=CC=CC=C1CC2=NCCN2",1.80E+00
"O=S(O)(O)=O.C1(=CC=CC=C1CC(N)C).C2=CC=CC=C2CC(N)C",7.82E-02
"O(CC)CC",3.45E+01
"O=C2N5[C@@]3([H])[C@@]1([H])[C@](C[C@]4([H])N(C7)CC[C@]34C6=C5C=CC=C6)([H])C7=CCO[C@]([H])1C2.O=C9N%12[C@@]%10([H])[C@@]8([H])[C@](C[C@]%11([H])N(C%14)CC[C@]%10%11C%13=C%12C=CC=C%13)([H])C%14=CCO[C@]([H])8C9.O=S(O)(O)=O",1.11E-03
"NC1=CC=CC=C1",1.13E+00
"O=C(OC1=C2C(=CC=C1)C=CC=C2)NC",4.35E-02
"CCO",3.19E+02
"C1(=NC=CC=C1C2CCCN2C).OS(O)(=O)=O",5.30E-02
"C1(O)=CC=CC=C1C(=O)N",7.36E-01
"O=C1NC(=O)NC=C1",
"CCCCCC=O",1.75E-01
"O=C1OC2=CC=CC=C2C(O)=C1CC3=C(O)C4=CC=CC=C4OC3=O",1.52E-02
"C1(C=O)=CC=C(OC2=CC=CC=C2)C=C1",2.32E-02
"CO",9.17E+02
"OC(C)C",1.44E+02
"CC(=O)C",1.23E+02
"ClC(Cl)Cl",5.92E-01
"CS(=O)C",4.35E+02
"ClC(C(Cl)(Cl)Cl)(Cl)Cl",6.00E-03
"OC1=C(C=C(C(=C1CC2=C(C(=CC(=C2Cl)Cl)Cl)O)Cl)Cl)Cl",5.16E-05
"C1=CC(=CC=C1N)C(=O)CC",9.79E-01
"OCCC",7.57E+01
"CCCCO",2.33E+01
"CCCCCO",5.36E+00
"C1=CC=CC=C1",2.25E-01
"CC(Cl)(Cl)Cl",3.55E-01
"[S-]C1=NC(C(C(C)CCC)(CC)C(N1)=O)=O.[Na+]",9.91E-02
"CC#N",4.01E+01
"CC=O",7.67E-01
"ClCCl",3.89E+00
"IC(I)I",7.42E-03
"[N+](C)(C)(C)C.[Cl-]",4.22E+00
"CC(C)(C)O",8.65E+01
"C(F)(F)(F)CO",1.19E+00
"CC(=O)C(C)(C)C",8.69E-01
"ClC(C(Cl)Cl)(Cl)Cl",3.72E-02
"CC1(C)NC(=O)NC1=O",1.29E+02
"CCC(O)(C)CC",6.58E+00
"C#CC(O)(C)CC",1.24E+01
"C1CCCC(C#C)(O)C1",2.06E+00
"CCCCOCCOP(=O)(OCCOCCCC)OCCOCCCC",2.81E-02
"OCC(C)C",1.93E+01
"CC(Cl)CCl",1.12E+00
"NCC(N)C",1.36E+01
"CC(O)CC",4.95E+01
"CCC(=O)C",4.47E+01
"OC(C)CN",3.36E+01
"ClC(CCl)Cl",6.12E-01
"ClC(=CCl)Cl",3.36E-01
"CC(=O)OC",4.82E+00
"ClC(C(Cl)Cl)Cl",1.21E-01
"C1(C)(C)CCCC(C)=C1C=CC(C)=O",2.65E-02
"ClC1=C(O)C(Cl)=CC(=C1)C(C2=CC(Cl)=C(O)C(=C2)Cl)(C)C",3.63E-03
"C(C1C=CC(=CC=1)O)(CC)(C)C",1.58E-02
"C1CC(CCC1(N)C)C(C)(N)C",3.83E-01
"ClC(Cl)C1=C(Cl)C=CC=C1Cl",4.22E-03
"C1=CC=C2C=CC=C3C2=C1CC3",1.12E-02
"CC1=CNC2=C1C=CC=C2",6.74E-02
"O=C([C@](C(C=C4OC)=C(C=C4OC)OC3)([H])[C@]3([H])O2)C(C=C5)=C2C1=C5O[C@@H]([C@@](C)=C)C1",1.32E-05
"O=C2C1=NC3=C(C=C(C)C(C)=C3)N(C[C@H](O)[C@H](O)[C@H](O)CO)C1=NC(N2)=O",
"C1=CC=CC=C1OC(=O)C2=CC=CC=C2C(=O)OC3=CC=CC=C3",2.51E-04
"O=C1C2=C(C=CC=C2)C(=O)C3=C1C=CC=C3",
"CCOC(=O)C1=CC=CC=C1C(=O)OCC",1.43E-01
"C1=CC=C(C(=O)OCCCC)C(=C1)C(=O)OCCCC",3.5900E-03
"CCC1=C(Br)C(Br)=C(Br)C(Br)=C1Br",
"O=C1C2=C(C=CC=C2)N=NN1CSP(=S)(OC)OC",2.02E-04
"C1=CC=CC=C1NC(=O)C2=C(O)C=CC=C2",1.85E-02
"Cl\C(Cl)=C(Cl)/C(Cl)=C(Cl)\Cl",3.45E-04
"OC1=C(C(=C(C(=C1Cl)Cl)Cl)Cl)Cl",9.12E-04
"OC1=C(C=C(C=C1Cl)Cl)Cl",2.48E-02
"OC1=CC(C(F)(F)F)=C([N+]([O-])=O)C=C1",4.41E-02
"C1(N)=CC=CC=C1C(=O)N",2.90E+00
"OC1=C([N+]([O-])=O)C=CC=C1",1.15E+00
"OC1=C(C=C(C=C1C(CC)C)[N+](=O)[O-])[N+](=O)[O-]",2.23E-03
"O=CC1=CC=CC=C1O",1.88E-02
"OC1=CC=CC2=CC=CC=C12",3.21E-02
"OC1=C(C=CC=C1)C2=CC=CC=C2",3.61E-02
"C12C(=O)C3=C(OC=1C=CC=C2)C=CC=C3",
"BrC1=C(O)C(C=O)=CC(Br)=C1",3.04E-03
"C1=C2C(=CC=C1)C=CC=C2",4.79E-02
"N1=CC=CC2=C1C=CC=C2",6.02E-01
"CCN(CC)C1CCCCC1",1.38E-01
"CCN(CC)C1=CC=CC=C1",1.10E-01
"OCCN(CC)C1=CC(C)=CC=C1",2.95E-01
"C1CCCCC1C2CCCCC2",
"C1=CC=CC=C1C(=O)CC(=O)C",6.78E-03
"C1=CC(N)=CC=C1C(=O)OCC",2.16E-01
"O1COC2=CC=C(/C=C/C=C/C(=O)N3CCCCC3)C=C12",2.75E-02
"C1(C=O)=C(O)C=C(O)C=C1",9.50E-02
"CC1=C(C)C=CC=C1",1.54E-01
"OC1=C(C)C=CC=C1",1.29E-01
"ClC1=C(C=CC=C1)Cl",6.40E-02
"NC1=C(Cl)C=CC=C1",4.50E-02
"CC1=C(F)C=CC=C1",1.76E-01
"OC1=CC=CC=C1Cl",8.87E-02
"CC1=C(C=CC(=C1)C)C",6.42E-02
"CC1=CC(Cl)=C(Cl)C=C1",1.81E-02
"NC1=CC(Cl)=C(Cl)C=C1",4.67E-02
"C=C(C)C(=O)OCC=C",7.85E-03
"BrCC(Br)CO",3.26E-01
"CC(C=O)CC",1.16E-01
"ClCC(Cl)CCl",3.91E-01
"CCC(=O)CC",1.79E+01
"CCC(C)=NO",9.68E+00
"OCCN(C(C)C)C(C)C",1.38E+00
"NC1=C([N+]([O-])=O)C=C([N+]([O-])=O)C=C1",8.08E-02
"OC1=CC=C(Cl)C=C1CC2=CC(Cl)=CC=C2O",1.15E-03
"C[N+](C1=CC=CC=C1)(C)C.[I-]",9.24E-01
"C(C1=CC=C(O)C=C1)(C)(C)C",3.43E-02
"C1=CC=CC=C1C(C)C",5.26E-02
"C1=CC=CC=C1C(=O)C",1.35E+00
"O=[N+](C1=CC=CC=C1)[O-]",9.67E-01
"C1=C(C(=O)C)C=C(N)C=C1",2.83E+00
"CC1=CC([N+](=O)[O-])=CC=C1",1.87E-01
"CN(C)C1=CC=C(C)C=C1",3.62E-01
"O=[N+](C1=CC=C(C=C1)N)[O-]",9.05E-01
"OC1=CC=C([N+](=O)[O-])C=C1",3.22E-01
"CN(C)C1=CC=C(C=O)C=C1",3.06E-01
"[O-][N+](=O)C1=CC=C([N+]([O-])=O)C=C1",4.22E-03
"CCN(CCO)CC",1.52E+01
"CCC1=CC=CC=C1",9.89E-02
"NCC1=CC=CC=C1",9.52E-01
"O=CC1=CC=CC=C1",9.30E-02
"C1=CC=C(NC)C=C1",9.33E-01
"ON=C1CCCCC1",1.84E+00
"N1=C(C#N)C=CC=C1",6.97E+00
"N1=C(CC)C=CC=C1",3.86E+00
"CC1(C)OCC(CO)O1",1.26E+02
"C1N2CN3CN(C2)CN1C3",3.55E+02
"C1=CC=CC=C1OC2=CC=CC=C2",2.35E-02
"CCNC1=CC(C)=CC=C1",3.66E-01
"CCCN(CCC)CCC",3.55E-01
"OCCN(CCO)CCO",7.91E+01
"C1=CC=CC=C1CCC(C)(C)O",4.04E-01
"C1=CC(C)=CC=C1SSC2=CC=C(C)C=C2",
"OCCN1CCNCC1",4.92E+01
"CN(C)CC1=CC=CC=C1",2.80E-01
"C1(=CC=C(C=C1)O)NC(C)=O",5.39E+00
"NC1=CC=C(CCCC)C=C1",6.80E-02
"CCCCCCCCCC1=CC=C(O)C=C1",6.35E-04
"NC1=CC=C(CCCCCCCCCCCC)C=C1",
"CCC(CCCC)CO",2.17E-01
"ClC1=CC=C(C=O)C=C1",1.56E-02
"N1=C(C)C=CC(CC)=C1",6.69E-01
"CC(=O)CCCN(CC)CC",2.14E+00
"CCOC(=O)CC(=O)OCC",9.18E-02
"OC1=C(C)C=C(C)C=C1",1.36E-01
"CCCCOC(=O)C=CC(=O)OCCCC",2.76E-03
"CCCCOC(=O)CCCCC(=O)OCCCC",1.41E-02
"NC1=CC=C(Br)C=C1",2.76E-01
"CC1=CC=C(C)C=C1",8.35E-02
"OC1=CC=C(C)C=C1",1.53E-01
"NC1=CC=C(C=C1)Cl",2.46E-01
"OC1=CC=C(Cl)C=C1",4.75E-02
"NC1=CC=C(C)C=C1",1.49E+00
"C=CC(=O)OCC(C)C",1.64E-02
"BrCCC",5.47E-01
"C=CC=O",3.03E-04
"ClCCCl",1.37E+00
"ClCCO",6.67E-01
"CCCN",5.21E+00
"CCC#N",2.76E+01
"ClCC#N",1.78E-02
"NCCN",3.66E+00
"C=CCO",5.51E-03
"C(O)C#C",2.64E-02
"CC=NO",1.29E+00
"C[C@](CC(O)C)(C)O",9.05E+01
"CC(C)(C)CC(C)(C)N",1.90E-01
"CC(C)(C)SC(C)(C)C",1.99E-01
"CCCC(=O)C",1.44E+01
"CC(=O)CC(C)C",5.21E+00
"CC(C)OC(C)C",7.69E+00
"CC1=CC=CC=C1",3.68E-01
"N1=CC=C(C)C=C1",4.33E+00
"ClC1=CC=CC=C1",1.50E-01
"C1CCCCC1O",7.03E+00
"O=C1CCCCC1",6.33E+00
"OC1=CC=CC=C1",3.47E-01
"N1=CC(C)=CC=C1",1.55E+00
"CN1CCNCC1",2.30E+01
"N1=C(C)C=CC=C1",9.63E+00
"N1CC(C)NCC1",2.24E+01
"CC(=O)OCCC",5.87E-01
"BrCCCBr",1.04E-02
"BrCCCC",2.68E-01
"CCCCN",3.66E+00
"C=CCC#N",2.71E+00
"NCCCN",1.61E+01
"N#CCC#N",8.48E-03
"COCCN",6.98E+00
"CCNCC",1.17E+01
"N1C=CC=C1",3.13E+00
"C1CCCO1",3.00E+01
"C1=COC=C1",8.96E-01
"CC(C)(C)SSC(C)(C)C",7.68E-03
"CC(=O)CCC(C)C",1.39E+00
"CCOC(=O)CCCCCCCCC(=O)OCC",1.05E-02
"CCCCCC(=O)C",1.15E+00
"CCCCCC",2.90E-02
"ClCCCCCl",4.06E-01
"CCCCCN",2.03E+00
"CCCCC=O",1.50E-01
"C(O)C#CC(O)",6.23E-01
"CCNCCO",1.66E+01
"C1CCCCC1",5.38E-02
"N1=CC=CC=C1",1.26E+00
"C1OCOCO1",6.61E+01
"O=C(CC/C=C(C)/C)C",6.79E-01
"CC(=O)CCCCCC",2.81E-01
"CC(=O)OCCOCC",3.19E-01
"BrCCCCCC",2.09E-02
"CCCCCCN",5.59E-01
"CCCCCCO",9.56E-01
"OCCNCCO",4.48E+01
"OCCOCCO",7.09E+02
"CCCSCCC",1.84E-01
"CCCCCCCN",1.89E-01
"N#CCCCCC#N",1.79E+01
"CCCCCCCO",2.97E-01
"BrCCCCCCCC",4.34E-03
"CCCCCCCCN",4.02E-02
"CCCCCCCCO",1.04E-01
"CCOCCOCCO",1.98E+02
"CCCCCCCCC(=O)O",6.57E-01
"CCCCCCCCCC(=O)C",8.81E-03
"CCCCCCCCCN",1.50E-02
"OCCOCCOCCO",4.59E+02
"CCCCCCCCCCO",1.52E-02
"CCCCCCCCCCCCCO",
"CC(C)OC1=CC=CC=C1OC(=O)NC",4.21E-02
"CC(O)(C)C#C",3.91E+01
"C(Cl)(Cl)(Cl)CO",2.00E+00
"OC(C1=CC=C(C=C1)Cl)(C2=CC=C(C=C2)Cl)C(Cl)(Cl)Cl",1.67E-03
"C1=CC=CC=C1OP(=O)(OC2=CC=CC=C2)OC3=CC=CC=C3",2.66E-03
"S(=O)(C)C1=CC=C(OP(=S)(OCC)OCC)C=C1",1.40E-01
"CC(C=NOC(=O)NC)(SC)C",4.52E-03
"O=C(C1=C(C=CC=C1)C(=O)OCC(CCCC)CC)OCC(CCCC)CC",
"CCCCCCCCOC(=O)C1=CC=CC=C1C(=O)OCCCCCCCC",
"C1=CC=CC(O)=C1C(=O)OC2=CC=CC=C2",5.51E-03
"C1=CC=CC(O)=C1C(=O)OCC",1.22E-01
"OC1=C(Br)C=C(Br)C=C1Br",1.98E-02
"OC1=C(C=C(C=C1)N)[N+](=O)[O-]",2.35E-01
"C1=CC=CC=C1C(=O)C2=CC=CC=C2",8.07E-02
"C1=CC=CC=C1N(CCO)CCO",4.06E+00
"C1=CC(=CC=C1C=O)N(CC)CC",1.35E-01
"OC1=C(C=CC=C1)O",8.37E-02
"ClC1=C(Cl)C=C(Cl)C=C1",1.65E-02
"ClC1=C(C=CC(=C1)Cl)O",4.75E-02
"CC1=C(C=C(C=C1)[N+](=O)[O-])[N+](=O)[O-]",1.33E-01
"O=CC1=CC(OCC)=C(O)C=C1",5.27E-01
"C1(C=O)=CC(OC)=C(O)C=C1",5.51E-01
"CN(C1=CC=CC=C1)C",5.29E-01
"ClC1=CC([N+](=O)[O-])=CC=C1",1.19E-01
"O=C(C(SP(=S)(OC)OC)CC(=O)OCC)OCC",4.27E-02
"NC1=C(Cl)C=C([N+]([O-])=O)C=C1",1.16E-01
"C1(C=O)=CC=C(C(C)C)C=C1",4.47E-02
"C1=CC=CC=C1NC2=CC=CC=C2",2.24E-02
"C1=CC=CC=C1OCCO",2.49E+00
"OC1=CC=C(CC)C=C1",8.51E-02
"CC(C=O)CCC",1.88E-01
"CC(=O)CC(=O)C",1.35E+00
"CCCCCC(=O)OCC",6.17E-02
"CCCC=O",2.04E-01
"CC(=O)OCCCC",1.55E-01
"C1COCCO1",1.17E+02
"CCCCCCCCCCCCN",5.56E-04
"CCCCCCCCCCCCCC=O",
"CCCCOP(=O)(OCCCC)OCCCC",3.56E-02
"O=C(CC(=O)C1)CC1(C)C",8.20E+01
"OC(C)CCl",2.59E+00
"ClC(=C(Cl)Cl)Cl",9.95E-02
"CC(C1=CC=CC=C1)(O)C#C",7.73E-01
"OC1=C(C=C(C=C1C(C)(C)C)C)C(C)(C)C",1.65E-03
"O=S(C1=CC=CC=C1C([N-]2)=O)2=O.[Na+].[O]",8.20E+01
"C1=CC=CC2C3=CC=CC=C3OC1=2",8.92E-03
"C1=CC=CC=C1OC(=O)C2=C(O)C=C(N)C=C2",2.08E-02
"CCN(CC)C(=O)C1=CC=CC(C)=C1",5.75E-01
"CCC([O-])=O.[Na+]",4.99E+01
"NCCN1CCNCC1",1.70E+01
"CCCCOC(=O)CCC(=O)OCCCC",1.94E-02
"CCOC(=O)CCCCC(=O)OCC",8.99E-02
"OCCN",3.39E+01
"CC(=O)OCC",2.61E+00
"N1CC(C)OC(C)C1",3.36E+00
"CCC1=CC(CC)=CC=C1",3.09E-02
"ClCCCCl",9.82E-01
"CCCCCC(O)=O",2.76E+00
"CC(=O)OCCCCCC",3.05E-02
"CCCCOCCCC",2.48E-01
"CCCCCCCCCO",3.95E-02
"CCCCCCNCCCCCC",4.21E-03
"OCCCCCCCC\C=C/CCCCCCCC",
"C1(C=O)=C(O)C(OC)=CC=C1",1.58E-02
"OC1=CC(OC)=CC=C1",5.96E-01
"COC1=CC=C(C=C1)O",8.86E-01
"COC1=CC=C(OC)C=C1",8.47E-01
"C1=COC2=C1C=CC=C2",1.19E-01
"C(CN(C1)C2)N(C1)C2",1.54E+01
"C(CC(CC1CC23)C2)(C1)C3",2.06E-03
"CCOP(OCC)(=S)SCCSCC",9.95E-03
"[O-]C(N1)=NC(C(C(CCC)C)(CC=C)C1=O)=O.[Na+]",9.07E-02
"BrC1=C(C)NC(=O)N(C(C)CC)C1=O",7.12E-01
"OC1=C([N+](=O)[O-])C=CC([N+]([O-])=O)=C1",1.82E-02
"ClC1=C(C=CC(=C1)NC(=O)N(C)C)Cl",6.09E-02
"C1=CC(F)=CC=C1OC2=CC=C(F)C=C2",5.48E-03
"S=P(OC1=NC(=NC(=C1)C)C(C)C)(OCC)OCC",3.07E-02
"FC1=CC=C([N+](=O)[O-])C=C1",2.01E-01
"C(F)(F)(F)C1=CC(C#N)=CC=C1",2.79E-01
"NC1=CC=C(F)C=C1",1.52E-01
"C1(C=O)=C(Cl)C=CC=C1F",5.93E-02
"NC1=C(C(F)(F)F)C=C(F)C=C1",1.65E-01
"C1(C=O)=C(F)C=CC=C1",1.09E-02
"C1=CC=CC(=C1C(F)(F)F)C#N",2.47E-01
"C1(C=O)=CC(C(F)(F)F)=CC=C1",5.31E-03
"CNC1=CC=C(F)C=C1",3.07E-01
"CCCCCCC(=O)CCCCCC",
"O[C@H]1[C@@]([C@@](C)2C)(C)CC[C@H]2C1",4.10E-01
"O=C(CC1C2)C(C2)(C1(C)C)C",1.12E-01
"CC2(C)OC1(C)CCC2CC1",6.61E-01
"O=[C@](O)[C@@]1(C)[C@]([C@]([C@]([H])2CC3)(C)CCC1)([H])CCC2=C\C3=C(C)/C",4.93E-03
"N1=C(C2=CC=CC=C2)NC(C3=CC=CC=C3)=C1C4=CC=CC=C4",
"C1COC2=CC=CC=C12",6.80E-01
"O[C@H]1[C@H](CC2)C[C@H]2C1",2.03E+00
"C1C2C=CC1CC2",1.06E-01
"N1=C(C(=O)O)C=CC=C1C(=O)O",1.93E+00
"N1=CC(C=O)=CC=C1",1.53E-01
"CCCCC(=O)CCCC",2.18E-01
"C=C(C)C(C)=C",8.41E-02
"O=[C@](O)[C@@]3(C)[C@@]1([H])[C@@](CCC3)(C)[C@]2([H])C(C=[C@@]([C@@H](C)C)CC2)=CC1",7.87E-03
"C1=CC=CC=C1C2=CC(=O)C3=CC=CC=C3O2",1.57E-02
"OC1=C(C)C=C(C)C=C1C",9.54E-02
"C1(C#N)=CC=CC=C1C",3.82E-01
"C1(C=O)=C(C)C=CC=C1",4.40E-01
"C1(=CC=CC=C1)C(=O)[O-].[Na+]",3.36E+00
"OC1=C(C)C=C([N+]([O-])=O)C=C1[N+]([O-])=O",8.73E-03
"C1=CC=CC=C1CCCCC",1.15E-02
"O=C(OC(C)(C)C)C",2.82E+00
"ClC1=CC(Cl)=CC=C1",5.46E-02
"Cl\C=C\CCl",2.15E-03
"CCCCSCCCC",2.45E-02
"C1(O)=CC(OC)=CC=C1C(=O)C",4.18E-01
"C1(C=O)=C([N+]([O-])=O)C=CC=C1",9.53E-02
"O=CC1=CC=C([N+](=O)[O-])C=C1",6.68E-02
"CC(=O)C(C)C",1.00E+01
"OC1=C([N+]([O-])=O)C=CC=C1[N+]([O-])=O",2.16E-01
"BrC1=C(Br)C=CC=C1",1.72E-02
"C=CCNC1=CC=CC=C1",2.70E-01
"NC1=CC=C(CC)C=C1",6.02E-01
"CC(C)CC=O",3.77E-02
"CCCCC(=O)C",4.27E+00
"CC=CC=CC",2.43E-01
"CCCCCCCCCCCC(=O)C",1.81E-03
"C1=CC=CC=C1[Sn](C2=CC=CC=C2)(C3=CC=CC=C3)C4=CC=CC=C4",
"[H][C@]1(CC2)C(C)(C)CCC[C@@](C)1[C@@H](CC[C@@](O)(C)C=C)C2=C",4.13E-04
"CC[Sn](CC)(CC)CC",4.68E-05
"CC(C)C(C)N",3.26E+00
"CC(C)C(O)C(C)C",1.40E+00
"C1=CC=CC=C1N(C2=CC=CC=C2)C3=CC=CC=C3",
"C1=CC=CC=C1N(C2=CC=CC=C2)C=O",1.54E-01
"CCOC(=O)C(CC1=CC=CC=C1)C(=O)OCC",2.17E-02
"OC1=C(Br)C(Br)=C(Br)C(Br)=C1Br",1.90E-04
"OC1=C(I)C=C(I)C=C1I",2.56E-03
"C1(C=O)=C(OC)C=C(OC)C=C1",1.21E-01
"OC1=C(NC(=O)C)C=CC=C1",1.79E-01
"NC1=C(Cl)C=C(C)C=C1",2.54E-01
"NC1=C([N+]([O-])=O)C=C(OCC)C=C1",1.43E-01
"C1=CC([N+](=O)[O-])=CC=C1C(=O)OC",1.31E-01
"C1=CC([N+]([O-])=O)=CC=C1C(=O)N",8.01E-01
"C1=CC=CC=C1OC2=CC=C([N+](=O)[O-])C=C2",1.23E-02
"C1=CC=C(CS(=O)CC2=CC=CC=C2)C=C1",3.48E-01
"OC1=CC(NC(=O)C)=CC=C1",7.48E+00
"OCCN1CCOCC1",2.07E+01
"ClCC1=CC=C(CCl)C=C1",2.23E-04
"IC1=CC=C(I)C=C1",
"O1C(C)=CC=C1C",7.40E-01
"ClCCCCCCl",1.79E-01
"BrCCCCCCC",8.21E-03
"CCCSSCCC",1.70E-02
"N#CCCCCCCC#N",3.88E+00
"NC1=C(Cl)C(Cl)=C(Cl)C=C1",1.85E-02
"C1(C=O)=C(O)C=CC(Cl)=C1",4.92E-03
"OC1=CC=C(CCC)C=C1",8.08E-02
"C1(C=O)=C(F)C(F)=C(F)C(F)=C1F",5.61E-03
"C(Cl)(Cl)C(=O)N",1.88E+00
"CCCCCCC(C)N",4.02E-02
"CC(=O)CCCCCCCC",3.09E-02
"CCCCCOCCCCC",1.98E-02
"CC1=COC=N1",1.67E+01
"CC1=NC=CN1",3.48E+00
"O=C1C3CC2CC1CC(C3)C2",4.05E-01
"CCCCCCC1OC(=O)CC1",1.06E-01
"C1(C=O)=C(O)C=C(OC)C=C1OC",1.47E-02
"C1=C(Cl)C(Cl)=CC=C1NC(=O)CC",3.94E-02
"OC1=C(C=C(C=C1C(C)(C)C)C(C)(C)C)C(C)(C)C",2.32E-04
"C=CC(Cl)C(Cl)",6.54E-02
"C(=O)N(CCCC)CCCC",5.68E-01
"C(O)C#CC",1.44E-01
"CC(C)=CC=C(C)C",3.43E-02
"NC13CC(CC(C3)C2)CC2C1",1.65E-01
"N1=C(O)C(C#N)=C(C)C=C1C",1.06E+00
"NC1=C(F)C(F)=C(F)C(F)=C1F",2.03E-01
"ClC1=CC=C(SCSP(=S)(OCC)OCC)C=C1",7.00E-04
"C1=CC=CC=C1P(=O)(C2=CC=CC=C2)C3=CC=CC=C3",1.93E-01
"C1=CC(N(C)C)=CC=C1P(=O)(C2=CC=C(N(C)C)C=C2)C3=CC=C(N(C)C)C=C3",
"C=CC(=O)OCCO",4.14E-02
"C#CC(O)CCCCC",3.27E-03
"CCCCCCCC(=O)C",1.07E-01
"Cl[C@@H]1CCCC[C@H]1Cl",1.20E-01
"C1=CC=CC=C1OC2=CC=C(O)C=C2",2.66E-02
"C=C(C)C(=O)OCCO",1.74E+00
"C1(Br)=CSC=C1",3.80E-02
"O=CC1=C(Cl)C=C(Cl)C=C1",1.03E-02
"C1=CC=CC=C1SSC2=CC=CC=C2",5.04E-04
"C1(=CC=CC=C1)/C=C/C=C/C2=CC=CC=C2",
"O=C(OCC)C1=CC(N)=CC=C1.OS(C)(=O)=O",3.02E-01
"C(F)(F)(F)C(O)C(F)(F)(F)",1.45E+00
"C=CC(O)CC=C",3.88E-01
"C(O)CC#C",5.15E-01
"CC\C=C/CCO",3.80E+00
"CC/C=C/CCO",2.71E+00
"CN1C(C(=O)C)=CC=C1",1.28E+00
"N1=CC=C(C2=CC=CC=C2)C=C1",1.04E-01
"C1=CC=CC=C1S(=O)C2=CC=CC=C2",4.32E-01
"C1=CC=CC=C1C2=CC=C(C3=CC=CC=C3)O2",
"C=CC(=O)OCC(O)C",2.60E-02
"N1=C(N)C=CC(Br)=C1",1.02E+00
"CCOP(=O)(CC1=CC=CC=C1)OCC",1.47E+00
"CCCCCCCCCCCC(=O)N",
"N1=CC=C(C(=O)C)C=C1",1.39E+00
"C1=CC(Cl)=CC=C1C(=O)OC",6.40E-02
"CCCCOC1=CC=CC=C1",3.80E-02
"C1=CC(C#N)=CC=C1C(=O)OC",2.90E-01
"OC1=C(O)C(Cl)=C(Cl)C(Cl)=C1Cl",5.12E-03
"C1=C(C(=O)CBr)C(OC)=CC=C1OC",2.55E-03
"CCCC[Sn](CCCC)(CCCC)CCCC",1.30E-04
"C#CC(C)(O)C(C)C",1.83E+00
"C1=CC=C2C3=CC=CC=C3N(C2=C1)C=C",1.66E-05
"C1=C(N)C=CC=C1OCC2=CC=CC=C2",4.59E-02
"O=C(NC)OC1=CC=CC(C2)=C1OC2(C)C",3.81E-03
"CC(OC)(C)C",7.62E+00
"C=CCCCCCCC=C",2.10E-03
"C1=CC(O)=CC=C1/N=N/C2=CC=CC=C2",6.00E-03
"C1=C(I)C(O)=C(I)C=C1C#N",1.83E-02
"C1=C(Br)C(O)=C(Br)C=C1C#N",4.55E-02
"O=[C@](O)[C@@]3(C)[C@@]2([H])[C@@](CCC3)(C)C1=C(CC2)C=[C@@]([C@@H](C)C)C=C1",6.99E-03
"C=CCC1=CC=CC=C1O",1.12E-01
"C1(C=O)=C(O)C=CC(Br)=C1",6.46E-03
"C=C(CCl)C(Cl)",1.52E-03
"C1=C(Cl)C(O)=C(Cl)C=C1C#N",1.29E-01
"CCCCOC(=O)C1=CC=C(C(=O)OCCCC)C=C1",2.12E-03
"C1=CC(O)=CC=C1OC2=CC=C(O)C=C2",2.86E-02
"C1(Cl)=CC=CC(Cl)=C1C(=O)N",2.47E+00
"CCCCCCCCCCN",6.55E-03
"CNC(=O)OC1=CC(C)=C(N(C)C)C=C1",9.36E-03
"N1=C(Br)NC(Br)=C1Br",2.01E-02
"CCOP(=S)(OC1=CC=C(C=C1)[N+](=O)[O-])C2=CC=CC=C2",2.43E-04
"OC(C)CC#C",4.17E-01
"OC1=C(O)C=C(Cl)C=C1",1.09E-02
"C1(O)=CC(O)=CC=C1C(=O)OC",2.72E-01
"C=CC(=O)OCCCCCCCCCCCC",
"N1=C(Cl)C(Cl)=C(Cl)C(Cl)=C1Cl",1.87E-03
"C1[C@H](C[C@H]([C@@H](C1)C(C)C)O)C",1.21E-01
"C1=CN=CN1S(=O)(=O)C2=CC=C(C)C=C2",1.88E-01
"C1=C(C(=O)C)C(Cl)=CC(Cl)=C1",6.89E-02
"CCCCCCCCC#N",3.77E-02
"NC1=CC(C(F)(F)F)=C(F)C=C1",1.68E-01
"[C@H]1(CCCC[C@H]1O)C2=CC=CC=C2",2.52E-01
"C=C(C)C(=O)OCCOCC",1.75E-01
"OC1=C(C)C(C)=CC=C1C",6.02E-02
"CCCCCCCCCCCC#N",2.37E-03
"C1(OC)=CC=CC=C1C(=O)N",7.94E-01
"C1(Cl)=CC(Cl)=CC=C1C(=O)N",5.03E-01
"C=C(C)C(=O)OCC1OCCC1",2.04E-01
"OC1=C(OC)C=C(Cl)C(Cl)=C1",2.32E-02
"C=C(C)C(=O)OCC1=CC=CC=C1",2.65E-02
"C=CC(=O)OCCCCCC",7.10E-03
"CC(C)(C)C1=CC=C(OC(=O)NC)C=C1",4.82E-02
"N1=C(CCN)C=CC=C1",
"C1=CC=CC=C1CN2CCNCC2",2.69E-01
"N1=CC=CC(=C1)CCCO",1.09E+00
"CCCCCCCCCCCCCN",3.28E-04
"C1=CC=CC(N)=C1C(=O)C2=CC=C(Cl)C=C2",9.15E-03
"C1(Cl)=CC=C(Cl)C=C1C(=O)OC",6.83E-02
"S=P(OC1=NC(=C(C=C1Cl)Cl)Cl)(OCC)OCC",9.07E-04
"C1(OC)=CC(C=O)=CC(Br)=C1O",2.58E-01
"C=CC(=O)OC1CCCCC1",9.60E-03
"S(C1=CC=C(Cl)C=C1)(=O)C2=CC=C(Cl)C=C2",
"CCOC(=O)N(C(=O)OCC)C(=O)OCC",5.70E-02
"OC1=C(O)C=C(Cl)C(Cl)=C1",4.97E-03
"NC1=C(Cl)C(Cl)=CC(Cl)=C1Cl",1.17E-03
"N1=C(C2=CC=CC=C2)C=CC=C1C3=CC=CC=C3",9.08E-04
"ClC1=CC(Cl)=C([N+]([O-])=O)C=C1[N+]([O-])=O",1.92E-04
"C1(Cl)=CC(Cl)=C(Cl)C=C1SSC2=C(Cl)C=C(Cl)C(Cl)=C2",
"C1=C(C)C(C)=CC=C1OP(=O)(OC2=CC(C)=C(C)C=C2)OC3=CC(C)=C(C)C=C3",
"CCC(C)C(C)C=O",1.40E-01
"C(O)C#CCCCCCCC",6.94E-03
"N1=C(O)C=CC(Cl)=C1",8.80E+00
"CC(C)SSC(C)C",5.53E-02
"C1(C=O)=C(OC)C=C(OC)C(OC)=C1",2.52E-01
"C=C(C)C(=O)OC(C)C",2.96E-01
"C=CC(O)CCC",3.04E-01
"OC1=C(Cl)C(Cl)=C(Cl)C(Cl)=C1",1.77E-03
"C1=CN=CC=C1CCC2=CC=NC=C2",8.20E-01
"C1C(=O)N(CC)C(=S)N(CC)C1=O",2.25E+01
"COC(=O)C1=CC=C(C(=O)OC)C=C1[N+]([O-])=O",2.73E-02
"C1=CC(Cl)=CC2N=C(S)SC1=2",1.59E-02
"COC(=O)C1=CC=C(C(=O)OC)C=C1N",4.27E-02
"CCSCCSCC",4.01E-01
"CN(CCCCl)C.[H]Cl",8.41E-01
"C1=C(C(=O)C)C=C([N+]([O-])=O)C(Cl)=C1",2.76E-02
"CC1=CC(Cl)=NC(N)=N1",9.82E-01
"CC1=C(OC)C=CC=C1OC",1.33E-01
"N1=C(N(C)C)C=CC=C1",1.04E+00
"CC(C)(C)CN",5.45E+00
"O=[C@](O)[C@@]3(C)[C@@]1([H])[C@@](CCC3)(C)[C@]2([H])C(C[C@](C=C)(C)CC2)=CC1",2.88E-03
"C1(N)=CC=C(Cl)C=C1C#N",1.87E-01
"ClC(Cl)(C(C)(O)C)Cl.ClC(Cl)(C(C)(O)C)Cl.[H]O[H]",3.62E-01
"CCCCCCCCCCC(=O)C",6.40E-03
"C1=C(/C=C/C=O)C=CC(N(C)C)=C1",3.67E-02
"C(C(=O)O)[N+]1(=CC=CC=C1).[Cl-]",9.33E-01
"ClC1=C([N+]([O-])=O)C(Cl)=C([N+]([O-])=O)C(Cl)=C1",8.18E-04
"ClC1=CC=C([N+](=O)[O-])C=C1C=O",2.09E-02
"N#CC1=C(Cl)C=CC=C1C",9.96E-02
"N1=C(Br)C(O)=CC=C1",2.70E+00
"N1=C(Cl)C(O)=CC=C1",4.80E+00
"C#CCN(CC#C)CC#C",2.26E+00
"CCOC(OCC)CN(C)CC(OCC)OCC",2.41E+00
"NCCCN1CCN(CCCN)CC1",1.55E+01
"OC(CC/C=C(C)/CC/C=C(C)\C)(C)C=C",6.43E-03
"ClCCN1CCCC1.[H]Cl",9.00E-01
"CCCCCCCCCCCN",1.23E-03
"C#CC(O)CCCC",1.57E-02
"C1(C=O)=CC=C(OCC)C=C1",1.87E-01
"O=C(C(C(C1C2)(C)C)(C2)C)C1Br",2.96E-01
"CC(C)=CC1C(C)(C)C1C(=O)OCC2=COC(CC3=CC=CC=C3)=C2",1.82E-05
"CCOP(=S)(OCC)SCSC(C)(C)C",4.61E-05
"BrC(Br)C1=C(C(Br)Br)C=CC=C1",1.04E-03
"C1=C(C(=O)C)C(Cl)=C(Cl)C(Cl)=C1",8.95E-03
"C1(OC)=C(OC)C(OC)=CC=C1C(=O)C",9.47E-01
"CCOC(=O)C(Cl)C(=O)OCC",4.88E-03
"CCNCC1=CC=CC=C1",4.22E-01
"ClC1=CC=CC=[N+]1C.[I-]",7.79E-01
"C1=CC(Br)=CC=C1C(=O)C2=CC=CN=C2",7.78E-02
"C1=CC=CC=C1C(=O)C2=CC=NC=C2",5.62E-01
"CC1(C)CCC(C)(C)O1",1.31E+00
"N1=C([N+]([O-])=O)C(O)=CC=C1",1.19E+00
"C1(CC)=CC=CC(CC)=C1N(COC)C(=O)CCl",1.85E-02
"NC1=CC=C(CCCCCCCC)C=C1",5.84E-04
"CSC(C)=NOC(=O)NC",1.30E-02
"N1=C(O)C=CC=C1Cl",1.65E+00
"NC1=NN=C(C)C(C)=N1",7.67E+00
"C1=CC([N+]([O-])=O)=CC([N+](=O)[O-])=C1OC2=CC=C(Br)C=C2",
"O=CC1=CC=C(N(CC)CC)C=C1O",2.77E-02
"N1=C(C)C=CC=C1Cl",1.82E+00
"C#CC(CCC(C)C)(C)O",3.49E-01
"CC1=C(C)OC(C)=N1",4.04E+00
"CC(=O)C(C)CN(C)C",6.58E-02
"C1=CC([N+](=O)[O-])=CC=C1OC2=CC(C)=C(Cl)C=C2",
"C1=CC=C(Br)C=C1C(=O)N",4.63E-01
"O=C(C(=NOC(=O)NC)SC)N(C)C",3.09E-02
"NC1=C(C(C)C)C=CC=C1C(C)C",8.63E-02
"[Na+].[N-]=[N+]=[N-]",8.40E-02
"C[N+](C1=CC=CC=C1)(C)C.[O-]S(=O)(=O)OC",1.00E+00
"ClC1=C(C(=C(C(=C1Cl)Cl)Cl)Cl)C(=C(Cl)Cl)Cl",
"CC(C)(O)C(F)(C(F)F)F",3.64E+00
"CCC(N)C",3.76E+00
"COCCCNCC1=CC(OC)=C(OC)C(OC)=C1",5.05E-01
"BrCC1OCCCC1",1.15E+00
"NC1=CC=C(CCCCCCCCCC)C=C1",2.66E-04
"NC1=CC=C(OCCCCCC)C=C1",1.56E-02
"C1([N+](=O)[O-])=CC(Cl)=CC=C1C(=O)OC",1.28E-01
"C1(C=O)=C([N+](=O)[O-])C=CC(O)=C1",2.51E-01
"O=C(C(C1=CC=C(C=C1)Cl)C(C)C)OC(C2=CC=CC(=C2)OC3=CC=CC=C3)C#N",1.21E-05
"C1=CC=C(OC2=CC=CC=C2)C=C1COC(=O)C3C(C)(C)C3C=C(Cl)Cl",4.09E-05
"CCSCCCCSCC",3.40E-02
"CCCCCCCCOC1=CC=CC=C1NC(=O)C",1.71E-03
"C1=CC(C(C)(C)C)=CC=C1C(=O)N",1.80E-01
"CSCCCCCCSC",5.66E-02
"CC(O)C#C",1.67E-01
"C1(C)=C(C)C=CC=C1OP(=O)(OC2=C(C)C(C)=CC=C2)OC3=C(C)C(C)=CC=C3",
"C1C(=CC=C[N+]=1CC2C=CC=CC=2)S(=O)(=O)[O-]",9.67E+00
"C1=CC(C(C)(C)C)=CC=C1OC2=CC=CC(C=O)=C2",1.45E-03
"O=C(OC(C2=CC=CC(OC3=CC=CC=C3)=C2)C#N)[C@H](C1=CC=C(OC(F)F)C=C1)[C@H](C)C",4.21E-07
"ClC1=CC=CC(Cl)=C1OP(=O)(OC2=C(Cl)C=CC=C2Cl)OC3=C(Cl)C=CC=C3Cl",
"C1=C(C=O)C=CC=C1OC2=CC(Cl)=C(Cl)C=C2",1.12E-03
"[Na+].O.O.[O-]C1=C([N+]([O-])=O)C=C([N+]([O-])=O)C2=CC=CC=C12",1.45E-02
"CC(C)(C)C1=CC=C(C=C)C=C1",3.06E-03
"O=P(OCC)(SCCSCC)OCC",6.19E-02
"ClCC1=CC(C=C)=CC=C1",2.03E-03
